Stock,Date,Open,High,Low,Close,Volume,EMA20,EMA50,EMA200,RSI14,MACD,Signal,Histogram,ATR14,Bollinger_Upper,Bollinger_Lower,Bollinger_Bandwidth,Donchian_20_High,Donchian_20_Low,RVOL20,RS_vs_NIFTY,RS_ROC20,TrendContinuation_Flag,Breakout_Flag,VCP_Flag,SEPA_Flag,MeanReversion_Flag,Pivot,Pivot_R1,Pivot_S1,HL2,ATR_Super,Upper_Band,Lower_Band,Supertrend,CompositeScore,RS_Leader_Flag
BHARTIARTL,2025-12-23,2157.0,2164.0,2119.2,2122.9,4110853,2100.269795743363,2069.493999547787,1917.4360753169778,56.991284577491456,8.661146931076473,6.7728970259517975,1.8882499051246757,33.2071428571429,2141.2479557935444,2054.3220442064553,0.04143699739825059,2164.0,2038.0,0.5960878706991469,,,1,0,0,1,0,2135.366666666667,2151.5333333333338,2106.7333333333336,2141.6,33.2071428571429,2241.2214285714285,2041.9785714285713,2046.035714285714,2,1
BAJAJ-AUTO,2025-12-23,9184.0,9184.0,9080.0,9099.0,215559,9007.641918285792,8963.363603865513,8784.833638451357,54.45499773857983,16.8463266289109,11.723351047388599,5.122975581522303,138.92857142857142,9199.310510051104,8862.839489948898,0.03725702865962316,9254.5,8735.0,0.6351663253029621,,,1,0,0,1,0,9121.0,9162.0,9058.0,9132.0,138.92857142857142,9548.785714285714,8715.214285714286,8720.92857142857,2,1
HDFCBANK,2025-12-23,990.5,998.9,987.7,996.6,17927849,993.4201063676098,991.5741049324839,961.7547050864462,47.33969986357437,-1.4168056594874088,-0.23132681780406256,-1.1854788416833462,11.335714285714289,1012.7418831044903,980.21811689551,0.0326386542720178,1017.5,973.3,1.0655220449708414,,,1,0,0,1,0,994.4,1001.0999999999999,989.9,993.3,11.335714285714289,1027.307142857143,959.2928571428571,972.6285714285715,2,0
DIVISLAB,2025-12-23,6521.5,6552.0,6448.0,6476.5,192477,6423.721436048794,6416.949661504301,6219.0062405281715,51.483781918564524,-7.022779678079132,-21.430643147363213,14.40786346928408,126.96428571428571,6566.111720164709,6264.988279835291,0.046936496532552684,6598.0,6265.0,0.8444221773077306,,,1,0,0,1,0,6492.166666666667,6536.333333333334,6432.333333333334,6500.0,126.96428571428571,6880.892857142857,6119.107142857143,6468.357142857143,2,0
SBIN,2025-12-23,976.3,977.55,970.7,971.9,5123287,967.3199035884661,944.6227843736517,864.5779323205521,62.10098665118981,6.331805084436496,6.923797298004861,-0.5919922135683651,11.77857142857142,987.5796197312419,948.1203802687581,0.040769994795147764,999.0,944.45,0.5585685671912357,,,1,0,0,1,0,973.3833333333333,976.0666666666666,969.2166666666667,974.125,11.77857142857142,1009.4607142857143,938.7892857142857,952.475,2,0
KOTAKBANK,2025-12-23,2152.5,2170.9,2149.7,2162.7,1614163,2149.202573467205,2126.2750883503068,2061.9398367195977,55.03030303030299,13.829175877411217,14.216931042294997,-0.3877551648837798,30.878571428571473,2196.395704383191,2101.984295616809,0.04392883307961697,2205.0,2074.1,0.6024848122627244,,,1,0,0,1,0,2161.1,2172.5,2151.2999999999997,2160.3,30.878571428571473,2252.9357142857148,2067.6642857142856,2113.678571428571,2,0
NESTLEIND,2025-12-23,1260.0,1261.5,1251.1,1256.5,663261,1244.7860080376659,1241.6872657469135,1207.3869147560983,56.44876325088334,-2.269988781935581,-4.857142135963471,2.5871533540278904,18.914285714285743,1280.2750581271978,1205.5749418728021,0.060100260477820994,1282.7,1205.0,0.8592079199455609,,,1,0,0,1,0,1256.3666666666666,1261.6333333333332,1251.2333333333331,1256.3,18.914285714285743,1313.0428571428572,1199.5571428571427,1231.9285714285716,2,0
LT,2025-12-23,4089.0,4095.0,4053.3,4058.8,1867147,4036.7144930671298,3962.5763561790236,3730.0160931907512,60.83231334149329,25.82561143531666,27.855054440458755,-2.0294430051420953,54.78571428571432,4114.72258765495,3969.6974123450514,0.035877694456720136,4140.0,3949.1,1.3429152055731988,,,1,0,0,1,0,4069.0333333333333,4084.7666666666664,4043.0666666666666,4074.15,54.78571428571432,4238.507142857143,3909.792857142857,3932.9357142857143,2,0
GRASIM,2025-12-23,2811.0,2842.7,2811.0,2829.8,399009,2788.1485691453977,2786.4929634909863,2729.8613291461156,77.94793261868293,12.571344267045333,3.8204016835380155,8.750942583507317,41.9857142857143,2851.536269457337,2693.003730542663,0.05718510062680538,2858.0,2686.8,0.8616611545351184,,,0,0,0,1,0,2827.8333333333335,2844.666666666667,2812.966666666667,2826.85,41.9857142857143,2952.807142857143,2700.892857142857,2810.807142857143,1,0
EICHERMOT,2025-12-23,7338.0,7338.0,7280.0,7303.0,249187,7152.121411063009,7010.163104367908,6235.768436614644,63.23968918111177,62.11135597870452,56.76375537083302,5.347600607871506,118.92857142857143,7319.887112383539,6989.362887616461,0.04619728144620824,7338.0,6956.0,0.5692354451615719,,,0,0,0,1,0,7307.0,7334.0,7276.0,7309.0,118.92857142857143,7665.785714285715,6952.214285714285,6952.214285714285,1,0
HCLTECH,2025-12-23,1675.1,1686.9,1656.2,1679.9,1614314,1650.69467122973,1604.7181712327238,1585.5382628785078,59.65686274509806,20.95247642689219,25.047295267082543,-4.094818840190353,28.592857142857138,1698.2391195767057,1614.770880423294,0.05038816010420226,1695.4,1601.1,0.7646717786289899,,,0,0,0,1,0,1674.3333333333333,1692.4666666666665,1661.7666666666664,1671.5500000000002,28.592857142857138,1757.3285714285716,1585.7714285714287,1598.7857142857142,1,0
BRITANNIA,2025-12-23,6083.0,6119.0,6030.0,6061.0,216840,5972.518332779158,5929.3038784502805,5712.077692108855,65.36712150747239,50.96258801550448,28.74732235595413,22.21526565955035,110.39285714285714,6149.839010433705,5721.560989566295,0.0721529088173948,6145.0,5780.0,0.9739828798388374,,,0,0,0,1,0,6070.0,6110.0,6021.0,6074.5,110.39285714285714,6405.678571428572,5743.321428571428,5823.892857142857,1,1
AXISBANK,2025-12-23,1239.0,1239.0,1223.5,1225.0,2920318,1251.0178454780914,1235.5261702497955,1173.4495168405374,32.80662151993977,-4.847052932348788,2.900569950325615,-7.747622882674403,19.21428571428573,1313.1819742216333,1212.708025778367,0.0795552842311155,1304.0,1216.9,0.7106840959672412,,,0,0,0,0,1,1229.1666666666667,1234.8333333333335,1219.3333333333335,1231.25,19.21428571428573,1288.892857142857,1173.607142857143,1232.4785714285713,1,1
COALINDIA,2025-12-23,387.45,400.95,386.45,400.4,18487395,384.09086598821114,383.51524885769095,390.82519935374467,83.6680053547525,2.3367906128607956,0.5472834503953782,1.7895071624654175,5.507142857142843,392.93430907652703,370.96069092347307,0.05753046728425755,400.95,371.3,4.289009198100711,,,0,1,0,0,0,395.93333333333334,405.4166666666667,390.9166666666667,393.7,5.507142857142843,410.22142857142853,377.17857142857144,385.84642857142853,1,0
ADANIPORTS,2025-12-23,1508.7,1513.8,1491.2,1493.6,928446,1498.0818897152708,1477.3449712899596,1395.3556765367941,48.693435309114044,5.13501057834128,8.088605035211572,-2.9535944568702917,22.642857142857142,1528.794671927537,1480.0453280724628,0.032404078551916446,1549.0,1460.9,0.5837647743204514,,,1,0,0,0,0,1499.5333333333335,1507.866666666667,1485.266666666667,1502.5,22.642857142857142,1570.4285714285713,1434.5714285714287,1459.1357142857144,1,1
ASIANPAINT,2025-12-23,2798.0,2819.0,2783.1,2807.8,431068,2811.207947592573,2734.7782284728846,2568.8146784417936,28.642626795661144,9.106098559375368,25.84018905985799,-16.734090500482623,49.3357142857143,2991.3016318199034,2702.048368180097,0.10161091927944228,2985.7,2746.0,0.3926574796577897,,,0,0,0,0,1,2803.3000000000006,2823.5000000000014,2787.6000000000013,2801.05,49.3357142857143,2949.057142857143,2653.0428571428574,2823.0642857142857,1,1
RELIANCE,2025-12-23,1580.9,1580.9,1568.1,1570.7,7506564,1547.1237578300943,1512.361255881449,1432.94303106648,65.44046466602131,14.533423524628233,14.983577674322758,-0.4501541496945247,19.814285714285738,1579.7087073196853,1524.041292680315,0.03587106863592121,1581.3,1517.6,0.8128278858583247,,,0,0,0,1,0,1573.2333333333333,1578.3666666666668,1565.5666666666666,1574.5,19.814285714285738,1633.9428571428573,1515.0571428571427,1515.0571428571427,1,0
TECHM,2025-12-23,1646.5,1646.5,1628.8,1633.0,1161166,1568.5885943128092,1523.042699475991,1519.994138703298,72.08514755684566,38.21577417999879,33.502804897151854,4.7129692828469345,26.37857142857146,1643.2329268589308,1493.777073141069,0.09528554497299138,1649.8,1496.2,0.774419376043937,,,0,0,0,1,0,1636.1000000000001,1643.4000000000003,1625.7000000000003,1637.65,26.37857142857146,1716.7857142857144,1558.5142857142857,1558.5142857142857,1,0
UPL,2025-12-23,779.9,786.3,774.5,781.0,3043436,753.3326139944311,737.5026521655172,685.1558416900759,65.21216973578862,7.355656994507967,5.728972898076919,1.626684096431048,16.542857142857127,776.5122174757734,729.4927825242265,0.06244260138783979,786.3,729.6,1.2770038388545453,,,0,0,0,1,0,780.6,786.7,774.9000000000001,780.4,16.542857142857127,830.0285714285714,730.7714285714286,730.7714285714286,1,0
TITAN,2025-12-23,3933.8,3956.3,3916.4,3925.8,445656,3879.6552612027326,3803.351355666173,3600.1246247141235,66.3141993957704,32.69049206332829,29.811161095171883,2.8793309681564097,57.78571428571432,3973.154339705643,3778.8656602943565,0.05012594895557196,3961.9,3751.0,0.6825570987739409,,,0,0,0,1,0,3932.8333333333335,3949.266666666667,3909.366666666667,3936.3500000000004,57.78571428571432,4109.7071428571435,3762.9928571428572,3762.9928571428572,1,0
M&M,2025-12-23,3619.2,3637.5,3605.0,3625.1,1413628,3642.8707422861185,3618.216661593845,3328.16735705454,46.64271898314448,-12.546303201458613,-3.565818374089961,-8.980484827368652,58.357142857142854,3756.0913372394184,3562.6386627605802,0.05286509393811172,3795.0,3540.1,0.7475135329472914,,,1,0,0,0,0,3622.5333333333333,3640.0666666666666,3607.5666666666666,3621.25,58.357142857142854,3796.3214285714284,3446.1785714285716,3584.942857142857,1,0
HEROMOTOCO,2025-12-23,5710.0,5752.5,5695.0,5744.0,351302,5902.932764369965,5773.997013872478,5105.497887060783,25.839793281653755,-20.323208759705267,43.583425582631996,-63.90663434233726,132.10714285714286,6452.072608560601,5615.8273914393985,0.1385900143556381,6388.5,5513.0,0.4973553108481311,,,0,0,0,0,1,5730.5,5766.0,5708.5,5723.75,132.10714285714286,6120.071428571428,5327.428571428572,6014.071428571428,1,0
MARUTI,2025-12-23,16709.0,16720.0,16558.0,16585.0,215650,16274.650938096469,15987.611478890229,14358.990129108433,63.91809629219701,156.69686948313392,122.59841207440294,34.09845740873098,222.78571428571428,16678.94190630685,15800.358093693148,0.05410115443459068,16720.0,15850.0,0.7393390243981878,,,0,0,0,1,0,16621.0,16684.0,16522.0,16639.0,222.78571428571428,17307.35714285714,15970.642857142857,15970.642857142857,1,0
HDFCLIFE,2025-12-23,759.95,765.0,757.8,763.95,1246811,764.4020257956656,762.7717006361842,742.5602963452369,57.49063670411984,0.33317985707685693,1.3119968785284013,-0.9788170214515444,14.339285714285706,783.7936283580937,748.8963716419064,0.04553726678739635,788.5,745.2,0.6407095595355914,,,1,0,0,0,0,762.25,766.7,759.5,761.4,14.339285714285706,804.4178571428571,718.3821428571429,766.3071428571427,1,0
SBILIFE,2025-12-23,2032.2,2032.2,2018.3,2024.8,290105,2011.2468048908434,1969.6860425864058,1822.1552844742164,65.66265060240964,14.899614431416012,17.32798106645804,-2.4283666350420283,31.492857142857115,2052.6012671079097,1967.1287328920907,0.042526505121398196,2052.2,1951.2,0.42298767918344515,,,0,0,0,1,0,2025.1000000000001,2031.9000000000003,2018.0000000000002,2025.25,31.492857142857115,2119.7285714285713,1930.7714285714287,1950.9142857142856,1,0
